Benchmark Mode,Measurement Unit,Package,Class,Method,Full params,,Factor,Fixed,Original
"Average time, time/op",ms/op, io.druid.benchmark,LongCompressionBenchmark,readContinuous," (dirPath = longCompress/, file = zipfHigh, format = auto, strategy = none)",0,9.727895595,29.816,3.065
"Average time, time/op",ms/op, io.druid.benchmark,LongCompressionBenchmark,readContinuous," (dirPath = longCompress/, file = sequential, format = longs, strategy = none)",0,5.146262189,23.75,4.615
"Average time, time/op",ms/op, io.druid.benchmark,LongCompressionBenchmark,readContinuous," (dirPath = longCompress/, file = zipfLow, format = longs, strategy = none)",0,5.12284153,23.437,4.575
"Average time, time/op",ms/op, io.druid.benchmark,FloatCompressionBenchmark,readContinuous," (dirPath = floatCompress/, file = zipfLow, strategy = none)",0,5.09790539,21.661,4.249
"Average time, time/op",ms/op, io.druid.benchmark,FloatCompressionBenchmark,readContinuous," (dirPath = floatCompress/, file = uniform, strategy = none)",0,5.095977417,21.663,4.251
"Average time, time/op",ms/op, io.druid.benchmark,LongCompressionBenchmark,readContinuous," (dirPath = longCompress/, file = zipfHigh, format = longs, strategy = none)",0,5.085466377,23.444,4.61
"Average time, time/op",ms/op, io.druid.benchmark,LongCompressionBenchmark,readContinuous," (dirPath = longCompress/, file = uniform, format = longs, strategy = none)",0,5.079991329,23.434,4.613
"Average time, time/op",ms/op, io.druid.benchmark,LongCompressionBenchmark,readContinuous," (dirPath = longCompress/, file = enumerate, format = longs, strategy = none)",0,5.069701897,23.384,4.6125
"Average time, time/op",ms/op, io.druid.benchmark,FloatCompressionBenchmark,readContinuous," (dirPath = floatCompress/, file = zipfHigh, strategy = none)",0,5.003178714,21.2485,4.247
"Average time, time/op",ms/op, io.druid.benchmark,FloatCompressionBenchmark,readContinuous," (dirPath = floatCompress/, file = sequential, strategy = none)",0,5.001412097,21.251,4.249
"Average time, time/op",ms/op, io.druid.benchmark,FloatCompressionBenchmark,readContinuous," (dirPath = floatCompress/, file = enumerate, strategy = none)",0,4.995059986,21.234,4.251
"Average time, time/op",ms/op, io.druid.benchmark,LongCompressionBenchmark,readContinuous," (dirPath = longCompress/, file = enumerate, format = auto, strategy = none)",0,4.391193956,35.4545,8.074
"Average time, time/op",ms/op, io.druid.benchmark,LongCompressionBenchmark,readContinuous," (dirPath = longCompress/, file = sequential, format = auto, strategy = none)",0,4.113649958,34.386,8.359
"Average time, time/op",ms/op, io.druid.benchmark,LongCompressionBenchmark,readContinuous," (dirPath = longCompress/, file = zipfLow, format = auto, strategy = none)",0,3.139046212,38.243,12.183
"Average time, time/op",ms/op, io.druid.benchmark,LongCompressionBenchmark,readContinuous," (dirPath = longCompress/, file = uniform, format = auto, strategy = none)",0,3.138717886,38.239,12.183
"Average time, time/op",ms/op, io.druid.benchmark,FloatCompressionBenchmark,readContinuous," (dirPath = floatCompress/, file = uniform, strategy = lz4)",0,2.026707106,24.056,11.8695
"Average time, time/op",ms/op, io.druid.benchmark,FloatCompressionBenchmark,readContinuous," (dirPath = floatCompress/, file = enumerate, strategy = lz4)",0,1.937270526,24.799,12.801
"Average time, time/op",ms/op, io.druid.benchmark,FloatCompressionBenchmark,readContinuous," (dirPath = floatCompress/, file = sequential, strategy = lz4)",0,1.882654181,25.734,13.669
"Average time, time/op",ms/op, io.druid.benchmark,FloatCompressionBenchmark,readContinuous," (dirPath = floatCompress/, file = zipfHigh, strategy = lz4)",0,1.810232558,27.244,15.05
"Average time, time/op",ms/op, io.druid.benchmark,FloatCompressionBenchmark,readContinuous," (dirPath = floatCompress/, file = zipfLow, strategy = lz4)",0,1.614243323,31.552,19.546
"Average time, time/op",ms/op, io.druid.benchmark,LongCompressionBenchmark,readContinuous," (dirPath = longCompress/, file = enumerate, format = longs, strategy = lz4)",0,1.585324124,25.018,15.781
"Average time, time/op",ms/op, io.druid.benchmark,LongCompressionBenchmark,readContinuous," (dirPath = longCompress/, file = zipfHigh, format = longs, strategy = lz4)",0,1.519288084,27.0175,17.783
"Average time, time/op",ms/op, io.druid.benchmark,LongCompressionBenchmark,readContinuous," (dirPath = longCompress/, file = uniform, format = longs, strategy = lz4)",0,1.387795441,32.999,23.778
"Average time, time/op",ms/op, io.druid.benchmark,LongCompressionBenchmark,readContinuous," (dirPath = longCompress/, file = sequential, format = auto, strategy = lz4)",0,1.361164333,36.942,27.14
"Average time, time/op",ms/op, io.druid.benchmark,LongCompressionBenchmark,readContinuous," (dirPath = longCompress/, file = zipfLow, format = longs, strategy = lz4)",0,1.358703449,35.043,25.7915
"Average time, time/op",ms/op, io.druid.benchmark,LongCompressionBenchmark,readContinuous," (dirPath = longCompress/, file = enumerate, format = auto, strategy = lz4)",0,1.332842309,37.097,27.833
"Average time, time/op",ms/op, io.druid.benchmark,LongCompressionBenchmark,readContinuous," (dirPath = longCompress/, file = zipfHigh, format = auto, strategy = lz4)",0,1.302072126,32.6755,25.095
"Average time, time/op",ms/op, io.druid.benchmark,LongCompressionBenchmark,readContinuous," (dirPath = longCompress/, file = uniform, format = auto, strategy = lz4)",0,1.287636195,38.763,30.104
"Average time, time/op",ms/op, io.druid.benchmark,LongCompressionBenchmark,readContinuous," (dirPath = longCompress/, file = zipfLow, format = auto, strategy = lz4)",0,1.25768672,42.418,33.727
"Average time, time/op",ms/op, io.druid.benchmark,LongCompressionBenchmark,readContinuous," (dirPath = longCompress/, file = sequential, format = longs, strategy = lz4)",0,1.197878866,55.457,46.296
"Average time, time/op",ms/op, io.druid.benchmark,LongCompressionBenchmark,readSkipping," (dirPath = longCompress/, file = enumerate, format = auto, strategy = none)",0,1.105263158,0.084,0.076
"Average time, time/op",ms/op, io.druid.benchmark,LongCompressionBenchmark,readSkipping," (dirPath = longCompress/, file = uniform, format = auto, strategy = none)",0,1.084337349,0.09,0.083
"Average time, time/op",ms/op, io.druid.benchmark,LongCompressionBenchmark,readSkipping," (dirPath = longCompress/, file = zipfLow, format = auto, strategy = none)",0,1.071428571,0.09,0.084
"Average time, time/op",ms/op, io.druid.benchmark,LongCompressionBenchmark,readSkipping," (dirPath = longCompress/, file = sequential, format = auto, strategy = none)",0,1.063636364,0.117,0.11
"Average time, time/op",ms/op, io.druid.benchmark,LongCompressionBenchmark,readSkipping," (dirPath = longCompress/, file = zipfHigh, format = auto, strategy = none)",0,1.052631579,0.08,0.076
"Average time, time/op",ms/op, io.druid.benchmark,FloatCompressionBenchmark,readSkipping," (dirPath = floatCompress/, file = sequential, strategy = none)",0,1.032894737,0.157,0.152
"Average time, time/op",ms/op, io.druid.benchmark,FloatCompressionBenchmark,readSkipping," (dirPath = floatCompress/, file = enumerate, strategy = none)",0,1.032679739,0.158,0.153
"Average time, time/op",ms/op, io.druid.benchmark,FloatCompressionBenchmark,readSkipping," (dirPath = floatCompress/, file = uniform, strategy = none)",0,1.032679739,0.158,0.153
"Average time, time/op",ms/op, io.druid.benchmark,FloatCompressionBenchmark,readSkipping," (dirPath = floatCompress/, file = zipfLow, strategy = none)",0,1.032679739,0.158,0.153
"Average time, time/op",ms/op, io.druid.benchmark,FloatCompressionBenchmark,readSkipping," (dirPath = floatCompress/, file = zipfHigh, strategy = none)",0,1.032467532,0.159,0.154
"Average time, time/op",ms/op, io.druid.benchmark,LongCompressionBenchmark,readSkipping," (dirPath = longCompress/, file = uniform, format = auto, strategy = lz4)",0,1.023961661,0.641,0.626
"Average time, time/op",ms/op, io.druid.benchmark,LongCompressionBenchmark,readSkipping," (dirPath = longCompress/, file = sequential, format = longs, strategy = none)",0,1.021276596,0.24,0.235
"Average time, time/op",ms/op, io.druid.benchmark,LongCompressionBenchmark,readSkipping," (dirPath = longCompress/, file = enumerate, format = auto, strategy = lz4)",0,1.012019231,1.263,1.248
"Average time, time/op",ms/op, io.druid.benchmark,LongCompressionBenchmark,readSkipping," (dirPath = longCompress/, file = sequential, format = auto, strategy = lz4)",0,1.007653061,1.185,1.176
"Average time, time/op",ms/op, io.druid.benchmark,LongCompressionBenchmark,readSkipping," (dirPath = longCompress/, file = zipfHigh, format = auto, strategy = lz4)",0,1.005492184,2.38,2.367
"Average time, time/op",ms/op, io.druid.benchmark,LongCompressionBenchmark,readSkipping," (dirPath = longCompress/, file = zipfLow, format = auto, strategy = lz4)",0,1.004924953,4.285,4.264
"Average time, time/op",ms/op, io.druid.benchmark,FloatCompressionBenchmark,readSkipping," (dirPath = floatCompress/, file = enumerate, strategy = lz4)",0,1.001616031,3.099,3.094
"Average time, time/op",ms/op, io.druid.benchmark,LongCompressionBenchmark,readSkipping," (dirPath = longCompress/, file = enumerate, format = longs, strategy = lz4)",0,1.001265823,4.746,4.74
"Average time, time/op",ms/op, io.druid.benchmark,FloatCompressionBenchmark,readSkipping," (dirPath = floatCompress/, file = zipfHigh, strategy = lz4)",0,1.001123175,5.348,5.342
"Average time, time/op",ms/op, io.druid.benchmark,LongCompressionBenchmark,readSkipping," (dirPath = longCompress/, file = uniform, format = longs, strategy = lz4)",0,1.000706769,12.743,12.734
"Average time, time/op",ms/op, io.druid.benchmark,LongCompressionBenchmark,readSkipping," (dirPath = longCompress/, file = zipfLow, format = longs, strategy = lz4)",0,1.000169296,14.7695,14.767
"Average time, time/op",ms/op, io.druid.benchmark,LongCompressionBenchmark,readSkipping," (dirPath = longCompress/, file = sequential, format = longs, strategy = lz4)",0,0.999687908,35.235,35.246
"Average time, time/op",ms/op, io.druid.benchmark,FloatCompressionBenchmark,readSkipping," (dirPath = floatCompress/, file = uniform, strategy = lz4)",0,0.997206704,2.142,2.148
"Average time, time/op",ms/op, io.druid.benchmark,FloatCompressionBenchmark,readSkipping," (dirPath = floatCompress/, file = sequential, strategy = lz4)",0,0,3.923,3.922
"Average time, time/op",ms/op, io.druid.benchmark,FloatCompressionBenchmark,readSkipping," (dirPath = floatCompress/, file = zipfLow, strategy = lz4)",0,0,9.833,9.834
"Average time, time/op",ms/op, io.druid.benchmark,LongCompressionBenchmark,readSkipping," (dirPath = longCompress/, file = enumerate, format = longs, strategy = none)",0,0,0.239,0.235
"Average time, time/op",ms/op, io.druid.benchmark,LongCompressionBenchmark,readSkipping," (dirPath = longCompress/, file = uniform, format = longs, strategy = none)",0,0,0.239,0.235
"Average time, time/op",ms/op, io.druid.benchmark,LongCompressionBenchmark,readSkipping," (dirPath = longCompress/, file = zipfHigh, format = longs, strategy = lz4)",0,0,6.736,6.734
"Average time, time/op",ms/op, io.druid.benchmark,LongCompressionBenchmark,readSkipping," (dirPath = longCompress/, file = zipfHigh, format = longs, strategy = none)",0,0,0.239,0.235
"Average time, time/op",ms/op, io.druid.benchmark,LongCompressionBenchmark,readSkipping," (dirPath = longCompress/, file = zipfLow, format = longs, strategy = none)",0,0,0.239,0.2345
